order_item_id,order_id,product_id,quantity,unit_price
1,688,197,8,861
2,628,85,4,521
3,440,125,5,1947
4,204,138,5,54
5,486,83,6,1141
6,833,25,3,228
7,31,68,5,452
8,388,61,2,1863
9,625,29,1,324
10,877,127,1,186
11,434,19,7,237
12,837,171,2,1736
13,926,194,4,1705
14,376,74,5,1939
15,344,61,7,276
16,443,171,2,879
17,579,153,6,847
18,75,20,1,1412
19,557,48,7,498
20,772,87,9,711
21,666,152,5,696
22,155,139,5,1323
23,430,110,4,1005
24,363,183,3,366
25,448,28,9,1690
26,987,197,5,1777
27,234,191,8,881
28,563,59,9,1983
29,818,133,5,213
30,262,51,9,1246
31,827,149,2,561
32,125,12,9,1820
33,911,50,4,332
34,245,132,6,603
35,542,113,6,190
36,938,170,6,508
37,485,166,2,1353
38,122,153,7,92
39,125,14,6,312
40,549,32,1,271
41,170,139,2,793
42,124,189,7,1233
43,869,146,1,1273
44,35,155,1,923
45,87,55,1,701
46,646,182,8,953
47,708,120,4,692
48,786,75,4,1328
49,201,21,2,1545
50,369,172,1,698
51,797,133,9,1914
52,77,87,7,405
53,59,169,4,1782
54,431,59,6,1171
55,638,89,2,848
56,500,182,7,887
57,913,150,2,832
58,109,83,8,1162
59,736,65,8,58
60,278,64,1,1709
61,68,71,8,798
62,69,4,2,302
63,165,193,6,1661
64,489,143,1,545
65,305,104,5,320
66,909,150,7,546
67,674,175,1,1936
68,365,93,2,648
69,854,174,7,243
70,821,142,6,1242
71,379,178,3,614
72,343,148,2,103
73,947,178,4,336
74,899,112,3,234
75,554,161,7,976
76,354,119,8,899
77,416,59,2,1825
78,109,43,7,20
79,563,12,8,1362
80,762,40,6,1045
81,497,118,6,44
82,341,20,1,456
83,942,166,4,1485
84,383,131,1,1773
85,533,156,4,1253
86,300,184,2,450
87,139,90,5,662
88,359,94,9,1568
89,836,13,3,604
90,499,66,8,238
91,385,37,3,1968
92,604,177,6,353
93,959,66,4,1113
94,280,36,8,1386
95,637,182,6,1429
96,483,26,8,1323
97,909,75,1,1488
98,111,200,6,1876
99,866,108,1,1704
100,139,168,1,998
101,996,43,8,1161
102,435,150,7,1735
103,509,148,3,918
104,273,8,6,1576
105,99,29,9,1931
106,764,40,7,1392
107,850,158,3,536
108,104,128,6,1346
109,214,84,4,84
110,761,116,3,1579
111,664,183,9,1904
112,762,144,2,205
113,787,174,1,1876
114,165,62,2,38
115,999,7,7,715
116,853,45,1,1030
117,520,187,6,25
118,284,184,7,1456
119,517,176,9,1622
120,657,155,8,814
121,613,181,6,1626
122,164,88,3,1438
123,886,73,8,949
124,659,163,7,1669
125,64,179,3,1564
126,91,37,9,976
127,117,119,2,1647
128,866,57,3,1937
129,267,8,2,1110
130,822,95,1,238
131,685,117,4,971
132,559,110,5,1330
133,140,20,6,1543
134,246,124,5,724
135,661,53,1,993
136,758,119,3,1999
137,395,12,1,582
138,487,177,5,1571
139,476,17,5,1616
140,517,64,6,624
141,977,42,8,335
142,184,94,1,1396
143,20,157,4,1702
144,937,147,1,884
145,558,11,9,368
146,524,98,7,1739
147,582,178,7,1820
148,529,71,5,333
149,883,108,7,1731
150,147,58,2,1359
151,666,34,4,1658
152,304,20,7,1858
153,620,50,3,174
154,748,102,2,1606
155,820,138,2,1637
156,864,160,1,807
157,582,52,5,464
158,695,15,6,1186
159,762,84,6,1770
160,228,131,9,1160
161,102,37,4,202
162,587,126,1,636
163,417,40,6,1807
164,958,72,5,539
165,216,40,6,1043
166,407,56,3,101
167,399,151,2,148
168,923,104,6,490
169,715,139,1,458
170,704,110,7,1366
171,761,192,7,878
172,499,136,7,349
173,754,93,1,1994
174,465,94,4,1085
175,691,56,7,1740
176,949,60,9,475
177,974,138,5,727
178,731,39,2,808
179,82,28,7,484
180,604,49,1,410
181,947,164,7,1472
182,687,125,6,1911
183,751,13,7,614
184,772,36,3,941
185,903,101,3,1006
186,365,26,7,931
187,163,86,2,830
188,48,4,1,666
189,511,82,9,607
190,329,192,9,1542
191,840,166,7,1186
192,116,127,7,523
193,941,88,3,1536
194,849,127,2,1887
195,337,120,7,1934
196,881,22,9,1805
197,737,130,1,1709
198,864,31,4,1039
199,840,119,6,509
200,147,11,7,1694
201,575,46,7,726
202,806,96,2,1151
203,323,190,4,1518
204,443,197,5,610
205,837,192,1,675
206,13,10,1,1984
207,943,168,3,1712
208,494,128,3,477
209,701,152,8,170
210,287,99,9,279
211,720,172,1,1089
212,114,112,2,237
213,480,60,2,858
214,22,190,4,158
215,349,87,2,1079
216,726,145,7,1177
217,683,65,9,1783
218,835,57,7,1817
219,566,183,6,641
220,906,106,1,1373
221,810,181,9,422
222,320,184,5,1765
223,126,9,5,529
224,277,22,6,1377
225,976,141,9,396
226,204,89,8,1506
227,194,176,8,284
228,681,18,8,362
229,664,115,1,1099
230,547,168,1,1112
231,696,145,8,607
232,286,143,5,1669
233,57,106,9,1235
234,734,15,2,1695
235,303,63,9,567
236,163,167,8,122
237,19,13,9,1124
238,370,81,4,150
239,264,32,1,1322
240,794,137,1,1934
241,113,40,5,739
242,488,148,2,598
243,327,82,8,420
244,542,77,5,386
245,647,191,5,1417
246,579,76,2,1879
247,65,172,7,1185
248,292,38,8,1868
249,25,188,1,760
250,549,71,2,636
251,1,48,4,1352
252,911,18,5,1402
253,549,144,2,1639
254,141,183,1,1004
255,744,39,9,1593
256,648,196,1,712
257,901,187,4,471
258,188,89,2,21
259,128,62,4,1189
260,201,141,8,1717
261,127,109,8,486
262,257,81,9,948
263,676,134,5,410
264,547,77,7,817
265,194,188,3,186
266,703,90,4,1374
267,104,14,9,66
268,535,95,1,1888
269,265,54,2,1885
270,802,132,5,457
271,942,39,3,212
272,974,72,2,1730
273,384,25,1,1666
274,260,77,3,747
275,414,160,1,211
276,991,187,1,1363
277,358,191,1,372
278,75,166,8,901
279,355,120,3,463
280,584,53,1,365
281,771,195,7,225
282,910,156,3,981
283,188,131,8,564
284,973,150,4,896
285,685,96,4,32
286,992,166,5,164
287,290,200,6,1219
288,45,72,7,258
289,573,62,4,758
290,83,185,8,814
291,123,6,6,143
292,358,32,1,330
293,528,99,1,399
294,66,138,9,443
295,936,131,6,1055
296,657,187,8,882
297,375,76,7,1633
298,162,177,6,1698
299,746,59,4,1158
300,380,31,7,1112
301,656,93,9,867
302,358,69,7,60
303,188,190,1,1761
304,322,52,9,185
305,450,89,4,879
306,474,127,3,262
307,13,169,4,975
308,184,31,4,1279
309,111,84,2,748
310,927,127,1,1139
311,508,150,1,1226
312,290,132,8,1349
313,295,13,2,311
314,451,45,5,557
315,904,127,4,1987
316,215,170,8,725
317,974,114,2,1967
318,632,177,9,788
319,894,20,7,277
320,567,81,7,1203
321,27,182,1,1019
322,630,164,2,560
323,733,129,4,1488
324,231,143,4,1684
325,565,17,3,1325
326,807,152,7,1597
327,321,58,8,1832
328,913,72,2,1834
329,233,109,4,1174
330,670,23,3,1179
331,437,174,2,1458
332,781,72,6,323
333,533,8,4,193
334,403,59,6,1697
335,53,111,2,722
336,787,187,4,137
337,313,13,6,1320
338,281,167,5,1856
339,726,156,3,1286
340,31,189,8,1811
341,337,16,7,709
342,183,119,3,395
343,23,2,6,1263
344,544,145,4,280
345,446,30,5,1804
346,74,103,5,820
347,10,13,7,424
348,484,96,5,207
349,456,94,3,1356
350,566,82,5,1089
351,564,13,7,840
352,660,171,5,1236
353,160,94,5,1816
354,882,149,9,1654
355,14,112,3,637
356,178,55,6,613
357,412,81,1,1171
358,878,168,5,1455
359,53,116,8,1848
360,408,143,5,1090
361,847,180,9,1595
362,22,108,6,1019
363,30,53,8,80
364,703,128,8,920
365,260,180,3,1947
366,205,158,7,603
367,59,161,7,1405
368,471,57,6,1650
369,776,52,7,609
370,466,137,2,523
371,12,182,9,1905
372,631,111,1,93
373,927,1,1,1003
374,974,44,3,1076
375,290,75,3,1699
376,850,98,1,848
377,760,9,7,1967
378,354,32,4,615
379,639,15,2,819
380,75,140,5,142
381,873,185,6,1428
382,716,136,9,1098
383,561,72,4,299
384,591,155,2,385
385,441,190,5,778
386,991,12,3,476
387,241,65,2,1931
388,861,107,1,1246
389,154,42,2,1181
390,786,190,6,1606
391,96,115,8,480
392,726,139,3,158
393,294,103,9,97
394,209,171,9,1357
395,343,95,2,1928
396,88,17,8,405
397,818,160,5,799
398,776,85,4,1437
399,937,168,5,1115
400,390,151,4,1674
401,325,56,8,1319
402,940,134,4,1415
403,889,86,6,874
404,832,178,2,1825
405,157,102,5,1303
406,668,165,6,1325
407,651,192,5,1486
408,633,54,2,1748
409,577,200,7,33
410,619,177,4,965
411,659,115,8,1896
412,137,139,7,320
413,923,88,7,1494
414,674,49,9,1241
415,428,149,1,1825
416,452,115,6,1750
417,612,194,6,673
418,850,63,6,447
419,911,104,6,1571
420,819,83,7,715
421,141,103,6,1369
422,83,156,1,431
423,177,17,3,1783
424,198,6,2,330
425,624,147,6,1530
426,568,184,8,596
427,972,28,3,956
428,691,194,8,1196
429,421,38,8,1844
430,401,119,5,1574
431,698,37,8,1198
432,471,115,6,858
433,218,68,5,1731
434,925,177,9,1599
435,929,43,7,1328
436,828,164,8,51
437,987,58,1,1957
438,729,13,2,1318
439,632,52,8,948
440,951,58,9,396
441,906,32,4,1171
442,175,105,9,1220
443,23,188,4,919
444,725,83,9,725
445,917,186,7,440
446,235,99,2,563
447,13,104,9,1895
448,101,184,4,1449
449,929,28,8,809
450,536,129,7,435
451,876,170,7,1449
452,523,48,8,35
453,785,40,1,1404
454,452,97,5,394
455,431,191,2,65
456,793,200,2,1286
457,606,114,1,643
458,713,132,5,115
459,533,166,2,1163
460,852,155,4,858
461,979,137,3,679
462,723,111,3,385
463,652,144,2,752
464,293,184,6,976
465,810,76,2,317
466,913,31,8,100
467,101,119,8,1426
468,502,142,5,1567
469,304,25,7,811
470,871,34,4,119
471,540,67,1,1594
472,553,152,2,1674
473,355,118,4,594
474,303,73,1,349
475,496,26,8,1598
476,658,148,9,988
477,768,192,4,365
478,974,104,3,1925
479,227,10,2,177
480,236,67,5,566
481,873,152,3,1485
482,892,5,7,914
483,455,195,6,114
484,13,186,1,159
485,210,27,8,155
486,741,113,2,725
487,397,15,5,883
488,100,163,9,308
489,31,105,8,1200
490,898,181,2,1746
491,528,44,9,655
492,649,26,5,732
493,329,175,6,1081
494,166,162,3,647
495,459,95,3,248
496,822,178,8,1040
497,952,84,2,473
498,982,140,2,462
499,993,132,5,793
500,100,87,6,906
501,621,176,2,380
502,855,183,5,1582
503,173,112,7,496
504,749,129,8,1244
505,162,89,7,174
506,905,66,8,1158
507,728,158,9,1370
508,776,131,5,201
509,263,122,5,739
510,804,149,4,223
511,274,84,9,583
512,3,177,5,1361
513,28,116,2,966
514,326,190,8,390
515,940,116,7,682
516,149,38,8,1611
517,540,143,3,807
518,488,110,4,248
519,822,180,5,1565
520,438,46,6,709
521,65,25,1,1115
522,356,21,4,1396
523,533,121,5,514
524,252,122,7,211
525,235,133,5,929
526,227,70,1,1537
527,525,113,7,1677
528,313,107,8,46
529,49,112,7,653
530,118,108,4,1622
531,54,47,8,1634
532,650,196,5,1435
533,565,91,9,774
534,44,18,5,1889
535,815,149,1,715
536,53,104,9,1209
537,586,151,5,554
538,558,192,6,1603
539,525,195,4,1500
540,677,40,6,1234
541,102,138,8,549
542,792,89,3,1580
543,770,180,5,1026
544,982,200,2,1670
545,849,61,2,403
546,868,192,7,842
547,398,5,6,1075
548,138,122,4,606
549,675,181,5,402
550,921,55,1,709
551,387,37,7,1656
552,111,56,8,1816
553,614,187,9,450
554,17,102,8,1870
555,780,93,5,1650
556,182,197,3,1539
557,884,73,9,927
558,536,59,6,329
559,541,2,5,562
560,171,193,3,1248
561,409,104,6,1104
562,740,188,3,577
563,378,51,6,928
564,188,30,4,245
565,858,11,2,1314
566,230,108,8,996
567,833,76,4,1650
568,852,167,9,1935
569,119,90,7,1920
570,156,123,2,1195
571,784,200,4,1224
572,687,191,5,1042
573,465,192,3,69
574,104,189,9,902
575,604,125,5,1850
576,698,182,2,234
577,972,122,3,1852
578,795,94,9,709
579,502,103,7,591
580,693,186,2,1838
581,682,184,9,1320
582,699,162,4,1003
583,175,31,9,178
584,734,52,2,1095
585,745,89,4,1382
586,674,76,5,1475
587,421,129,2,23
588,134,183,1,173
589,391,22,7,1453
590,992,40,1,766
591,736,101,8,1880
592,501,111,3,1553
593,665,129,6,1699
594,33,65,7,1581
595,55,191,1,1593
596,954,182,6,1630
597,519,170,7,1061
598,756,149,6,1741
599,825,79,4,455
600,638,22,1,1241
601,12,166,9,1503
602,528,99,4,725
603,720,8,7,985
604,555,190,7,828
605,373,175,2,113
606,484,17,1,751
607,973,17,8,435
608,647,90,8,1134
609,228,141,7,1574
610,623,145,8,648
611,307,166,3,859
612,457,81,2,1555
613,160,78,7,1139
614,331,173,8,1712
615,776,6,1,778
616,225,163,9,1840
617,983,110,4,286
618,729,14,4,1098
619,504,72,3,1816
620,456,189,6,909
621,45,143,1,197
622,214,54,6,1350
623,59,27,2,1949
624,644,13,9,1171
625,616,159,2,1376
626,195,163,7,114
627,925,60,1,555
628,489,6,7,389
629,157,197,5,119
630,610,58,8,1977
631,226,49,4,554
632,412,151,7,363
633,205,162,6,752
634,79,26,5,326
635,124,47,4,1299
636,471,5,7,1727
637,940,20,5,1885
638,218,134,5,1098
639,516,198,1,342
640,602,59,2,1546
641,104,192,5,1166
642,393,146,3,601
643,631,132,2,792
644,645,17,4,1786
645,824,14,4,549
646,608,13,4,744
647,980,135,4,1568
648,434,128,3,1529
649,331,44,7,630
650,143,119,9,628
651,800,143,5,1690
652,540,19,4,1402
653,278,63,2,1899
654,233,163,2,918
655,529,81,5,1943
656,571,163,7,1684
657,90,147,9,1829
658,492,148,7,1843
659,199,100,5,1001
660,362,163,6,108
661,441,160,3,326
662,26,122,5,132
663,25,176,8,1353
664,394,44,1,808
665,507,104,1,1626
666,301,152,7,1528
667,339,61,5,466
668,267,125,5,531
669,461,145,1,529
670,693,71,9,926
671,456,107,1,726
672,360,50,5,324
673,68,65,9,1979
674,863,99,4,718
675,412,32,8,719
676,971,164,6,1575
677,491,141,3,1512
678,833,198,4,1946
679,49,58,2,1053
680,687,128,1,569
681,564,142,8,978
682,102,165,1,1163
683,216,112,1,1326
684,438,68,4,1930
685,700,40,6,1165
686,569,187,9,365
687,559,144,1,1087
688,159,190,7,899
689,489,132,5,802
690,686,173,8,1420
691,242,90,7,274
692,794,28,4,991
693,753,96,4,1248
694,882,194,6,1493
695,5,31,6,1491
696,596,3,9,811
697,820,136,5,52
698,361,24,8,1619
699,459,15,5,871
700,248,171,2,1311
701,566,159,6,1871
702,673,45,9,1787
703,946,194,3,1163
704,422,8,1,359
705,923,71,1,1739
706,738,108,3,1577
707,15,115,5,1139
708,736,103,3,921
709,573,125,9,1749
710,122,57,8,10
711,277,30,3,1790
712,558,146,9,593
713,453,114,6,441
714,390,197,7,1339
715,294,117,4,1942
716,574,167,4,1560
717,598,60,2,62
718,446,98,5,949
719,210,171,8,529
720,590,126,7,1363
721,714,173,7,1591
722,302,151,6,1358
723,909,197,3,1147
724,223,94,5,156
725,734,134,1,1199
726,3,184,7,1412
727,990,122,9,1172
728,518,108,1,638
729,93,4,2,308
730,520,93,3,1309
731,428,151,3,1949
732,493,6,8,798
733,235,32,7,859
734,620,106,6,1858
735,161,146,4,187
736,721,15,9,851
737,752,168,1,1387
738,331,122,2,1187
739,333,96,4,1959
740,50,6,3,1234
741,523,112,1,887
742,863,120,5,1148
743,668,123,7,1704
744,492,191,2,1587
745,582,67,5,768
746,681,106,6,1101
747,272,139,7,1478
748,580,43,1,454
749,867,145,7,1359
750,252,96,4,1879
751,560,132,8,717
752,696,191,4,611
753,832,196,6,1656
754,699,81,9,1913
755,90,41,5,1392
756,446,133,4,154
757,332,160,8,284
758,139,198,9,518
759,357,35,4,1212
760,601,22,3,762
761,274,193,8,1871
762,19,150,5,1864
763,983,112,2,486
764,311,11,9,1876
765,870,3,3,1447
766,886,137,2,1186
767,978,60,1,1137
768,154,76,8,1108
769,390,87,3,1161
770,260,14,7,1744
771,620,18,1,675
772,883,113,1,577
773,797,73,9,1823
774,571,23,8,1378
775,125,83,3,540
776,354,125,6,168
777,273,175,3,1571
778,619,69,4,1459
779,811,47,1,690
780,245,116,5,32
781,848,30,1,1080
782,450,25,1,534
783,930,156,7,738
784,247,112,6,1867
785,520,25,2,1739
786,141,74,2,153
787,362,58,7,1618
788,8,94,1,677
789,478,119,2,1622
790,352,127,8,1452
791,996,169,6,690
792,495,25,2,982
793,606,78,7,808
794,833,99,4,94
795,427,116,2,425
796,39,48,6,703
797,593,10,9,491
798,187,99,9,465
799,596,11,8,836
800,600,85,3,306
801,754,149,3,1145
802,854,173,2,1995
803,93,135,5,1263
804,86,192,4,1129
805,44,126,7,959
806,137,64,4,689
807,421,2,9,387
808,74,76,2,1189
809,548,121,6,430
810,613,42,7,114
811,988,54,4,1738
812,512,75,6,339
813,156,16,7,448
814,938,18,4,1165
815,255,187,8,1900
816,171,90,9,391
817,981,144,1,147
818,728,6,7,952
819,170,185,9,852
820,764,108,5,279
821,872,175,2,1583
822,322,48,6,405
823,567,42,7,1590
824,456,76,2,922
825,944,188,2,473
826,603,77,1,1708
827,790,132,4,459
828,613,130,7,1364
829,155,59,9,1286
830,889,155,3,1714
831,349,27,7,1996
832,451,79,7,1318
833,876,72,7,1307
834,653,7,2,29
835,173,191,6,248
836,10,111,2,1303
837,740,119,6,427
838,265,174,3,1978
839,438,63,2,1343
840,760,124,6,1064
841,247,12,2,1859
842,667,141,5,1137
843,546,43,2,1715
844,499,17,3,195
845,129,63,3,1161
846,672,120,6,1243
847,601,36,6,1447
848,605,8,3,1314
849,327,69,3,1992
850,753,90,1,262
851,835,36,7,28
852,980,28,8,721
853,404,118,2,1765
854,629,93,4,1169
855,606,175,7,232
856,675,76,8,12
857,611,101,1,1996
858,625,158,4,1269
859,359,151,6,863
860,603,144,3,1498
861,858,14,5,237
862,718,71,9,922
863,17,180,3,1687
864,274,124,5,508
865,685,125,8,530
866,116,37,6,711
867,861,29,4,1895
868,980,195,8,926
869,693,143,3,1710
870,91,175,3,1172
871,82,174,4,1309
872,324,180,9,300
873,961,19,5,1086
874,114,106,8,1720
875,769,21,6,1143
876,58,64,3,724
877,154,165,8,957
878,877,27,9,657
879,404,55,8,1037
880,628,29,4,1700
881,855,148,6,693
882,266,25,1,1969
883,315,70,4,879
884,715,63,8,1080
885,41,164,1,103
886,105,130,3,949
887,901,150,1,569
888,890,16,9,1785
889,193,146,2,1892
890,401,197,9,222
891,278,182,4,445
892,354,100,2,861
893,749,30,4,517
894,937,45,6,845
895,733,19,7,660
896,580,34,3,214
897,709,141,3,390
898,256,171,8,1106
899,651,62,5,1549
900,824,118,4,1109
901,947,100,7,1874
902,661,22,7,86
903,99,180,9,825
904,588,180,9,777
905,282,111,5,419
906,883,164,8,1647
907,403,73,1,115
908,109,147,9,1878
909,700,38,8,560
910,199,70,6,1509
911,303,116,3,835
912,327,79,3,1308
913,154,185,8,97
914,552,148,5,1756
915,645,9,7,890
916,405,32,5,1110
917,462,132,8,1110
918,132,50,4,1475
919,791,82,2,549
920,874,5,3,254
921,84,148,8,587
922,399,87,7,1811
923,754,126,2,1415
924,628,75,6,991
925,109,165,9,726
926,221,22,4,1603
927,904,186,9,1746
928,553,68,2,1770
929,368,44,2,151
930,147,34,9,902
931,112,77,7,1401
932,615,42,7,1117
933,558,137,1,1176
934,924,106,6,361
935,494,95,7,554
936,505,135,6,922
937,475,68,6,161
938,836,147,2,1191
939,890,159,6,1479
940,271,128,4,662
941,995,163,9,967
942,421,185,1,772
943,897,85,8,1336
944,707,189,5,633
945,367,159,1,665
946,280,83,4,459
947,283,95,1,730
948,40,181,6,1257
949,959,32,2,52
950,189,66,5,273
951,164,187,7,1789
952,994,116,2,1036
953,989,138,6,1670
954,536,130,6,1301
955,536,194,5,605
956,4,60,5,1049
957,835,17,3,1367
958,290,96,2,1497
959,953,144,7,1092
960,433,16,1,1022
961,471,46,6,186
962,181,167,6,72
963,248,159,3,967
964,628,107,2,1012
965,279,88,2,570
966,877,129,9,1340
967,581,139,5,1279
968,863,119,7,1322
969,254,85,5,1831
970,181,4,7,964
971,830,71,4,1365
972,681,154,8,1560
973,825,111,7,859
974,509,50,5,1288
975,761,140,6,613
976,700,95,5,1543
977,566,92,7,1824
978,326,65,2,1751
979,357,47,5,615
980,825,181,3,1770
981,650,106,9,1846
982,680,199,6,839
983,391,130,3,1496
984,615,106,7,1232
985,934,24,4,1304
986,85,4,3,755
987,317,108,8,567
988,212,19,4,73
989,515,154,1,1263
990,384,40,6,951
991,691,50,1,1985
992,342,171,5,258
993,815,75,7,1279
994,964,195,6,949
995,988,12,2,1620
996,844,195,4,166
997,38,27,2,744
998,511,113,1,1735
999,420,182,3,994
1000,751,194,3,1597
1001,169,49,7,1983
1002,965,144,1,1121
1003,909,130,9,1346
1004,343,60,6,1884
1005,826,182,4,1099
1006,306,30,3,671
1007,542,84,3,1053
1008,702,166,2,42
1009,869,28,2,1873
1010,537,25,5,1826
1011,112,96,9,567
1012,411,125,2,82
1013,947,10,2,1899
1014,206,188,6,834
1015,185,42,2,1376
1016,382,40,4,1166
1017,496,77,6,1088
1018,379,105,5,70
1019,47,118,1,1890
1020,886,42,6,1553
1021,740,47,1,281
1022,551,165,3,255
1023,528,22,5,1209
1024,504,185,5,637
1025,22,107,6,1350
1026,213,27,8,1816
1027,310,41,5,714
1028,661,80,1,671
1029,968,162,5,1164
1030,753,160,3,1135
1031,272,89,4,319
1032,571,66,8,1815
1033,799,12,7,1325
1034,938,168,5,1755
1035,202,73,2,504
1036,32,76,6,1394
1037,443,90,6,347
1038,162,10,6,588
1039,767,96,9,19
1040,254,176,8,58
1041,521,20,8,1520
1042,977,39,1,632
1043,651,60,5,1354
1044,480,66,7,740
1045,10,65,6,1602
1046,726,179,5,804
1047,505,124,8,980
1048,785,164,3,1658
1049,836,152,6,142
1050,560,155,5,1616
1051,436,130,8,92
1052,111,159,4,66
1053,153,57,8,385
1054,635,78,2,358
1055,917,194,9,280
1056,869,29,9,1516
1057,102,15,6,120
1058,753,12,4,878
1059,833,101,4,896
1060,191,156,6,85
1061,729,84,5,1191
1062,563,125,6,1565
1063,804,103,7,1966
1064,81,24,7,1676
1065,489,149,9,338
1066,895,138,8,131
1067,88,110,6,50
1068,194,78,6,1200
1069,104,101,5,931
1070,783,146,1,651
1071,96,142,9,1056
1072,423,162,9,288
1073,891,128,9,772
1074,198,58,8,478
1075,1,76,3,1433
1076,407,150,1,18
1077,378,198,8,22
1078,167,36,7,933
1079,509,173,5,932
1080,638,164,7,1852
1081,313,22,4,1865
1082,593,127,9,1085
1083,418,80,2,1242
1084,763,189,9,1583
1085,681,100,9,1645
1086,477,184,5,1738
1087,73,96,1,1435
1088,141,161,7,1224
1089,582,173,4,1084
1090,262,164,9,1426
1091,340,148,6,662
1092,308,18,3,1713
1093,245,38,6,1856
1094,515,195,6,630
1095,337,151,5,1752
1096,575,109,2,1972
1097,561,123,2,1333
1098,76,144,7,1655
1099,880,187,2,205
1100,175,197,6,426
1101,109,196,5,673
1102,183,149,4,1453
1103,192,104,7,1788
1104,65,198,8,1673
1105,849,140,4,1650
1106,963,144,1,1555
1107,474,81,1,1389
1108,783,87,1,157
1109,100,142,1,1010
1110,544,61,5,1398
1111,864,199,4,373
1112,128,46,9,1685
1113,452,32,3,1735
1114,914,15,7,411
1115,369,44,8,615
1116,851,145,6,1525
1117,43,169,1,238
1118,884,54,8,1608
1119,419,44,3,1885
1120,488,98,8,546
1121,78,5,4,277
1122,826,109,8,1438
1123,801,27,1,1826
1124,270,116,3,1044
1125,674,87,6,1353
1126,701,104,9,1746
1127,759,123,2,135
1128,900,79,1,315
1129,728,43,3,1735
1130,315,97,4,1544
1131,925,31,5,1122
1132,851,99,3,1388
1133,902,17,2,637
1134,889,83,2,1385
1135,993,110,7,698
1136,945,182,9,1047
1137,168,190,2,1290
1138,339,32,7,1242
1139,193,168,7,290
1140,453,141,7,452
1141,283,35,3,1873
1142,336,133,7,846
1143,390,29,1,398
1144,1000,70,1,626
1145,525,153,5,1516
1146,240,95,2,156
1147,832,22,9,1312
1148,958,194,7,530
1149,483,173,4,639
1150,659,69,4,1639
1151,716,89,2,443
1152,592,72,5,153
1153,891,129,4,298
1154,555,172,1,1419
1155,458,87,8,23
1156,89,96,3,266
1157,660,75,6,1379
1158,95,167,4,1731
1159,452,54,9,1378
1160,428,88,7,1433
1161,151,157,9,1240
1162,514,54,3,867
1163,376,16,1,952
1164,22,99,5,1205
1165,883,20,3,473
1166,313,46,6,279
1167,997,195,8,1254
1168,840,193,4,1185
1169,519,127,5,632
1170,206,58,5,1216
1171,952,181,4,1432
1172,375,111,4,1884
1173,451,129,4,81
1174,626,81,4,1451
1175,784,194,4,1931
1176,595,157,5,1316
1177,179,84,2,83
1178,210,70,2,364
1179,500,8,9,1760
1180,464,29,2,506
1181,840,112,6,1361
1182,124,179,2,997
1183,993,161,5,1568
1184,113,131,4,589
1185,12,188,7,919
1186,126,163,7,1480
1187,565,197,6,382
1188,331,108,5,371
1189,901,109,1,102
1190,283,20,3,1354
1191,140,73,9,333
1192,401,167,1,393
1193,902,4,5,584
1194,97,19,2,745
1195,517,102,4,746
1196,569,173,1,1914
1197,924,171,3,355
1198,846,141,7,1882
1199,69,141,3,1136
1200,118,188,4,1248
1201,888,185,2,1225
1202,59,86,3,1705
1203,33,52,9,1917
1204,318,111,3,728
1205,50,181,5,790
1206,880,109,2,1029
1207,489,86,4,1227
1208,19,43,7,1413
1209,726,200,7,1436
1210,197,200,3,673
1211,891,42,5,1782
1212,450,90,1,609
1213,990,115,1,20
1214,559,26,5,196
1215,679,151,9,735
1216,452,43,1,1048
1217,289,77,1,787
1218,141,156,4,1330
1219,84,137,4,420
1220,694,20,2,965
1221,391,184,9,594
1222,591,39,9,1085
1223,215,179,2,1673
1224,526,12,9,1061
1225,215,183,6,586
1226,403,11,8,1050
1227,128,154,4,1384
1228,822,42,2,1461
1229,477,155,2,1683
1230,760,11,9,1864
1231,404,38,1,1262
1232,29,98,7,1799
1233,792,171,3,998
1234,338,19,3,1243
1235,831,192,2,1464
1236,714,134,6,1327
1237,361,174,2,752
1238,569,116,4,1786
1239,392,113,9,1615
1240,218,170,9,1137
1241,574,65,6,213
1242,669,99,4,1086
1243,202,72,7,983
1244,17,187,1,949
1245,322,52,4,1408
1246,518,118,5,1875
1247,570,175,8,1087
1248,325,120,2,1309
1249,412,7,5,1368
1250,318,11,6,1064
1251,681,103,5,1168
1252,965,61,9,1091
1253,82,68,1,114
1254,474,153,3,1299
1255,468,140,2,1555
1256,425,154,3,1529
1257,945,102,9,262
1258,731,110,9,304
1259,689,140,2,677
1260,204,171,3,1191
1261,583,51,4,558
1262,387,117,9,640
1263,778,165,3,1100
1264,98,46,7,1787
1265,345,53,3,308
1266,803,88,7,1496
1267,208,121,7,1758
1268,514,13,9,1853
1269,636,89,2,110
1270,792,125,6,1089
1271,586,118,9,341
1272,166,54,2,845
1273,22,185,2,1784
1274,154,116,5,402
1275,939,118,8,1776
1276,439,4,9,883
1277,295,75,2,390
1278,219,49,5,101
1279,669,7,7,1824
1280,495,110,6,456
1281,230,122,6,118
1282,20,11,7,326
1283,987,92,3,1201
1284,553,182,3,1845
1285,950,173,9,1953
1286,148,23,8,1468
1287,108,28,5,451
1288,403,111,6,227
1289,596,57,1,1255
1290,483,26,1,682
1291,367,153,4,1561
1292,834,54,2,287
1293,414,29,7,1018
1294,309,97,2,578
1295,802,164,2,1607
1296,918,14,5,1019
1297,835,78,4,884
1298,134,35,8,475
1299,719,30,4,848
1300,283,92,6,763
1301,778,17,5,1635
1302,73,195,2,1617
1303,481,158,8,847
1304,352,93,2,39
1305,560,173,9,368
1306,326,79,9,1952
1307,745,110,3,1321
1308,443,179,4,95
1309,100,102,8,1267
1310,59,106,9,756
1311,508,47,3,322
1312,258,181,5,374
1313,413,64,8,1810
1314,452,166,3,1832
1315,65,64,7,1872
1316,595,87,8,914
1317,154,7,3,1302
1318,985,22,2,707
1319,266,81,7,140
1320,821,169,9,812
1321,79,74,1,798
1322,315,138,3,1865
1323,662,185,5,360
1324,947,135,3,189
1325,560,125,1,1835
1326,917,50,7,1513
1327,891,52,7,1922
1328,248,161,8,1196
1329,790,1,5,1816
1330,868,181,5,1921
1331,610,188,5,1129
1332,414,162,1,783
1333,25,4,5,519
1334,284,145,6,374
1335,449,132,1,990
1336,881,171,7,362
1337,301,4,1,809
1338,68,1,2,1469
1339,7,71,2,1116
1340,817,178,5,1258
1341,137,189,7,421
1342,164,35,1,744
1343,83,8,1,990
1344,897,152,1,127
1345,650,36,6,491
1346,420,178,2,201
1347,73,123,1,600
1348,237,43,6,599
1349,46,27,2,668
1350,618,32,6,116
1351,928,78,8,391
1352,800,121,2,792
1353,262,146,9,399
1354,176,156,8,253
1355,166,157,1,594
1356,657,16,7,878
1357,842,99,6,477
1358,370,47,6,875
1359,795,187,6,943
1360,54,31,6,1571
1361,690,4,7,1243
1362,419,165,3,613
1363,756,17,6,1670
1364,507,39,3,1024
1365,341,48,7,1980
1366,127,174,7,1106
1367,409,176,8,1668
1368,924,39,2,1342
1369,367,132,9,1729
1370,271,30,5,1732
1371,644,158,9,1743
1372,605,22,5,1623
1373,379,66,7,869
1374,73,108,9,1219
1375,923,12,4,1889
1376,922,36,2,1286
1377,915,18,9,22
1378,248,90,2,308
1379,860,181,3,1109
1380,785,199,2,1084
1381,43,1,3,796
1382,377,127,6,158
1383,41,186,3,1764
1384,170,90,8,131
1385,946,87,6,1244
1386,212,90,7,1313
1387,493,134,1,547
1388,680,70,3,1718
1389,39,44,3,1189
1390,369,200,2,1271
1391,757,152,7,385
1392,151,86,9,91
1393,111,19,4,501
1394,480,101,5,365
1395,436,146,3,934
1396,47,95,9,1306
1397,575,101,4,1613
1398,737,30,5,1077
1399,366,170,1,1014
1400,69,33,2,1606
1401,299,12,9,132
1402,944,118,2,1382
1403,802,94,5,717
1404,296,155,8,339
1405,203,167,3,1442
1406,61,137,6,1000
1407,946,149,4,332
1408,963,76,7,1144
1409,830,29,3,779
1410,314,161,6,1122
1411,161,190,9,442
1412,331,117,1,719
1413,528,15,3,803
1414,338,2,2,721
1415,606,180,8,1132
1416,304,117,7,548
1417,503,172,2,610
1418,650,182,6,1179
1419,338,18,3,1727
1420,550,3,8,266
1421,639,135,3,1222
1422,275,171,9,1273
1423,164,166,1,880
1424,443,165,5,908
1425,319,186,3,1536
1426,589,161,6,1741
1427,504,108,2,818
1428,686,187,9,686
1429,387,95,6,1852
1430,970,122,7,280
1431,870,11,5,1553
1432,833,68,9,559
1433,888,123,1,1147
1434,603,196,5,1372
1435,750,113,6,577
1436,776,98,7,1976
1437,691,93,4,995
1438,494,22,1,368
1439,490,194,8,1683
1440,721,172,4,1647
1441,73,127,3,1367
1442,509,134,7,1722
1443,390,170,2,1202
1444,619,25,8,1372
1445,857,185,6,807
1446,295,85,7,1294
1447,369,55,5,896
1448,956,144,9,1768
1449,796,95,5,1232
1450,865,142,5,220
1451,694,167,3,296
1452,549,156,1,1725
1453,649,179,2,1795
1454,850,119,8,752
1455,568,177,1,1505
1456,187,9,7,1515
1457,853,186,5,1056
1458,770,173,3,1593
1459,445,150,7,1142
1460,570,160,9,305
1461,363,197,2,15
1462,123,197,8,559
1463,188,42,9,690
1464,742,53,3,1901
1465,680,187,2,804
1466,420,74,7,212
1467,626,39,5,334
1468,252,122,5,834
1469,619,15,5,1818
1470,549,199,4,253
1471,335,157,5,336
1472,92,123,4,996
1473,530,111,6,1080
1474,866,131,4,770
1475,63,83,2,1624
1476,662,10,9,1655
1477,512,92,2,1046
1478,139,29,9,916
1479,698,35,6,1413
1480,185,6,9,374
1481,205,140,9,1635
1482,772,111,3,1375
1483,214,38,1,1893
1484,256,77,1,1825
1485,135,93,3,1254
1486,573,147,5,82
1487,875,67,3,1779
1488,822,136,9,1805
1489,88,8,9,1658
1490,836,122,3,1079
1491,988,84,3,1537
1492,207,175,5,283
1493,129,132,2,1588
1494,823,179,6,217
1495,3,85,7,1962
1496,974,195,9,1894
1497,934,45,6,1648
1498,754,136,3,133
1499,121,87,5,1043
1500,385,16,4,1362
1501,614,77,5,1220
1502,38,195,8,552
1503,341,9,8,1701
1504,925,60,6,69
1505,645,78,1,1794
1506,714,77,8,908
1507,860,71,8,895
1508,21,15,2,1984
1509,242,71,4,791
1510,455,102,2,451
1511,963,169,4,1250
1512,621,22,7,920
1513,303,152,9,1035
1514,596,113,8,1569
1515,595,172,9,1751
1516,803,1,8,841
1517,964,10,2,1017
1518,69,110,7,1744
1519,129,200,2,1389
1520,196,184,2,635
1521,140,113,4,1825
1522,444,50,1,1700
1523,283,12,5,1198
1524,312,89,6,1007
1525,746,188,9,743
1526,535,154,8,100
1527,665,112,2,176
1528,277,78,1,968
1529,61,169,2,216
1530,319,164,7,1315
1531,890,121,4,1098
1532,52,23,5,1921
1533,856,171,7,525
1534,153,134,3,1190
1535,749,197,2,1794
1536,311,171,7,1802
1537,814,25,5,756
1538,544,18,1,315
1539,567,190,1,1911
1540,864,141,9,404
1541,389,43,5,1107
1542,548,78,1,196
1543,622,28,7,1607
1544,177,146,9,1370
1545,362,59,1,1709
1546,314,188,4,1601
1547,807,63,3,632
1548,848,185,5,739
1549,97,92,7,249
1550,881,179,8,542
1551,213,56,2,150
1552,829,155,7,1298
1553,137,160,1,148
1554,6,111,7,468
1555,109,137,8,79
1556,547,68,2,394
1557,39,46,9,639
1558,662,67,1,207
1559,425,154,6,214
1560,630,136,1,1759
1561,261,6,3,577
1562,426,24,6,1832
1563,87,176,3,991
1564,465,94,8,814
1565,76,173,5,1720
1566,471,13,2,868
1567,976,197,4,891
1568,963,25,9,983
1569,414,148,4,649
1570,825,118,8,1464
1571,895,82,5,1923
1572,726,111,1,334
1573,457,82,7,451
1574,285,66,3,813
1575,239,45,8,297
1576,677,114,3,235
1577,599,175,1,1097
1578,653,63,5,976
1579,672,76,2,947
1580,558,114,4,569
1581,372,111,1,723
1582,495,183,9,507
1583,624,147,6,858
1584,919,35,8,935
1585,45,53,4,1950
1586,401,26,9,69
1587,247,14,2,1430
1588,616,118,9,266
1589,597,45,5,586
1590,450,172,6,248
1591,485,193,3,1834
1592,646,51,4,47
1593,620,171,6,34
1594,18,119,7,419
1595,606,151,1,470
1596,662,184,7,1604
1597,758,19,1,997
1598,289,82,5,1450
1599,414,76,6,366
1600,721,183,2,392
1601,638,92,9,1842
1602,235,188,6,1191
1603,416,187,7,578
1604,938,33,8,1466
1605,499,147,1,1081
1606,974,28,8,1361
1607,634,123,4,442
1608,650,180,8,1464
1609,115,126,6,65
1610,932,177,9,586
1611,674,37,4,277
1612,713,154,2,78
1613,234,99,2,1761
1614,540,98,5,911
1615,11,127,9,1634
1616,206,168,3,1482
1617,679,80,8,802
1618,247,38,4,266
1619,559,77,6,681
1620,758,126,6,499
1621,127,87,3,755
1622,147,54,5,1676
1623,118,150,3,58
1624,911,16,1,1692
1625,382,28,7,325
1626,412,163,4,422
1627,664,188,7,443
1628,584,173,3,1035
1629,363,46,5,1874
1630,509,72,5,1985
1631,137,183,2,1178
1632,175,85,2,1989
1633,289,26,4,1399
1634,958,85,4,429
1635,481,153,4,1606
1636,19,65,6,1818
1637,195,134,2,1594
1638,330,151,6,853
1639,936,115,7,1477
1640,175,64,3,925
1641,449,87,8,443
1642,925,171,2,652
1643,946,107,8,1588
1644,354,151,5,66
1645,499,96,2,1595
1646,141,158,7,973
1647,758,77,2,986
1648,897,146,6,1211
1649,930,87,3,1326
1650,93,149,9,55
1651,944,57,3,1203
1652,239,103,3,1304
1653,205,151,5,426
1654,560,91,7,857
1655,433,45,8,148
1656,245,172,7,256
1657,832,88,9,1181
1658,317,115,5,239
1659,925,47,3,801
1660,295,168,6,646
1661,640,179,5,1737
1662,856,170,4,383
1663,282,135,2,1113
1664,17,50,7,1639
1665,71,176,5,747
1666,269,84,4,1098
1667,325,91,8,97
1668,794,134,9,1121
1669,305,91,9,722
1670,451,137,3,1759
1671,7,109,3,1237
1672,314,57,5,1946
1673,817,31,5,1415
1674,103,21,2,610
1675,821,90,1,1509
1676,193,40,8,1606
1677,753,112,3,1816
1678,574,45,1,1639
1679,529,77,1,1852
1680,171,177,2,548
1681,537,87,6,223
1682,251,148,6,83
1683,765,101,3,70
1684,387,117,4,707
1685,207,92,2,1576
1686,541,145,2,1252
1687,629,28,7,21
1688,416,169,1,823
1689,794,194,7,1448
1690,380,25,1,41
1691,144,58,6,1193
1692,25,41,3,1010
1693,822,134,8,246
1694,668,75,6,1772
1695,73,38,2,1214
1696,632,134,8,1862
1697,824,173,5,567
1698,833,75,8,1374
1699,93,142,8,1491
1700,505,66,6,1113
1701,598,168,2,656
1702,336,3,8,1805
1703,425,117,6,996
1704,499,99,6,829
1705,364,152,8,1792
1706,947,19,1,482
1707,630,146,2,1704
1708,745,192,9,1748
1709,199,116,8,121
1710,718,125,7,1325
1711,413,88,7,1983
1712,339,35,5,1855
1713,659,190,2,1664
1714,962,1,6,392
1715,937,153,3,26
1716,429,173,4,502
1717,783,177,2,1364
1718,899,126,2,935
1719,139,89,8,1772
1720,693,144,8,1906
1721,942,147,6,1519
1722,542,151,5,1439
1723,57,25,8,126
1724,232,16,4,1588
1725,658,182,4,889
1726,435,73,5,124
1727,384,129,1,1828
1728,560,42,1,1582
1729,194,147,2,823
1730,736,162,8,1658
1731,648,80,7,1580
1732,534,104,9,653
1733,518,183,5,1369
1734,716,146,2,345
1735,751,34,7,931
1736,185,89,8,1922
1737,872,125,7,1773
1738,292,45,7,156
1739,335,134,5,131
1740,732,21,2,90
1741,116,122,6,694
1742,825,70,4,1699
1743,49,96,2,671
1744,685,105,9,384
1745,82,48,7,1603
1746,834,39,6,72
1747,333,31,5,513
1748,557,10,3,677
1749,335,30,4,458
1750,532,18,3,1461
1751,960,188,8,877
1752,221,88,3,1460
1753,635,125,7,1454
1754,746,73,7,1355
1755,733,15,7,1946
1756,323,4,7,689
1757,851,191,2,1199
1758,3,168,3,1630
1759,694,9,9,1990
1760,206,109,3,1682
1761,832,137,2,470
1762,40,154,9,468
1763,59,132,9,1222
1764,951,16,4,473
1765,574,143,9,921
1766,644,99,3,388
1767,507,121,7,1035
1768,572,52,7,1651
1769,884,69,8,373
1770,843,5,4,81
1771,122,20,3,1460
1772,479,79,3,647
1773,619,146,5,1203
1774,96,111,1,1238
1775,859,2,3,1858
1776,414,93,6,346
1777,235,13,3,1505
1778,898,4,5,204
1779,62,170,9,1703
1780,256,109,2,1021
1781,561,74,2,662
1782,905,189,6,1308
1783,348,95,6,16
1784,671,105,8,914
1785,124,8,2,988
1786,482,67,9,575
1787,317,191,2,625
1788,504,110,1,1887
1789,719,9,2,1883
1790,48,117,7,582
1791,409,11,8,608
1792,932,99,5,779
1793,136,42,6,1211
1794,201,141,1,251
1795,250,164,6,1236
1796,314,120,8,1576
1797,869,141,3,1834
1798,368,12,1,1495
1799,429,37,4,1113
1800,830,74,1,1556
1801,807,73,8,1450
1802,480,52,5,775
1803,314,199,1,393
1804,500,130,8,400
1805,721,56,9,905
1806,355,60,2,1832
1807,485,23,9,697
1808,211,103,8,1159
1809,704,40,7,1527
1810,44,64,3,56
1811,541,85,2,1751
1812,571,151,7,1509
1813,583,157,5,1982
1814,92,179,6,628
1815,265,197,4,473
1816,895,89,2,1820
1817,220,31,9,1882
1818,902,178,3,132
1819,925,20,7,1507
1820,442,183,8,143
1821,401,130,2,1652
1822,400,153,6,1850
1823,727,13,8,850
1824,991,122,7,1595
1825,899,103,3,858
1826,789,106,1,616
1827,576,119,6,1813
1828,858,70,8,32
1829,804,195,6,575
1830,490,186,5,1919
1831,485,99,8,775
1832,757,82,2,974
1833,470,75,1,244
1834,574,118,1,1005
1835,938,84,4,1092
1836,844,192,6,1197
1837,682,69,9,1804
1838,445,59,1,835
1839,269,188,1,225
1840,267,126,5,1216
1841,54,111,5,1602
1842,528,62,5,666
1843,520,144,6,944
1844,616,128,8,1123
1845,59,105,3,1997
1846,825,68,9,320
1847,40,15,1,566
1848,237,183,4,981
1849,955,35,9,266
1850,386,183,8,542
1851,606,14,9,1566
1852,734,177,1,61
1853,716,102,9,1371
1854,650,100,3,1204
1855,300,7,9,1981
1856,395,30,1,1100
1857,207,49,1,1658
1858,336,144,9,309
1859,593,111,6,681
1860,730,179,4,787
1861,514,72,7,841
1862,178,80,5,241
1863,396,83,7,984
1864,371,42,8,1870
1865,858,17,8,1101
1866,791,191,1,1539
1867,658,173,8,37
1868,318,7,6,1982
1869,736,155,4,1661
1870,369,10,8,1084
1871,384,34,3,1726
1872,62,36,4,1293
1873,806,153,6,600
1874,505,6,7,794
1875,239,152,4,629
1876,195,146,4,1996
1877,678,134,7,595
1878,963,29,6,1720
1879,222,126,8,1011
1880,61,153,1,193
1881,129,183,7,1056
1882,990,81,7,1819
1883,685,174,7,138
1884,992,152,7,300
1885,156,75,8,1865
1886,917,26,9,510
1887,378,127,9,195
1888,622,115,2,488
1889,781,126,7,1604
1890,923,28,7,501
1891,868,131,4,522
1892,903,75,9,1676
1893,790,166,8,1100
1894,586,189,1,1838
1895,999,78,2,476
1896,437,179,2,294
1897,975,90,8,610
1898,207,176,1,1450
1899,388,21,4,1133
1900,480,54,5,198
1901,791,184,9,998
1902,887,103,7,899
1903,838,59,8,1891
1904,984,72,9,397
1905,340,179,7,250
1906,869,20,5,1815
1907,340,112,5,1764
1908,204,59,6,426
1909,161,71,5,1951
1910,540,137,9,185
1911,392,109,3,396
1912,769,129,3,1504
1913,677,157,7,862
1914,575,191,7,1266
1915,534,200,6,672
1916,70,56,3,461
1917,893,196,7,286
1918,405,35,5,1262
1919,608,123,7,1204
1920,675,131,2,1768
1921,591,104,6,222
1922,517,7,8,1315
1923,828,27,1,50
1924,120,1,4,1155
1925,814,199,1,1260
1926,690,172,1,303
1927,688,87,8,609
1928,902,41,7,1300
1929,217,123,1,550
1930,56,75,2,1792
1931,366,42,4,1861
1932,699,117,1,460
1933,504,161,3,1482
1934,744,178,8,1789
1935,767,63,8,1094
1936,925,165,8,1535
1937,455,187,6,1180
1938,104,127,6,1719
1939,77,176,5,1978
1940,230,133,9,799
1941,914,48,4,343
1942,258,3,7,1914
1943,264,116,1,1986
1944,331,175,9,900
1945,993,190,7,1175
1946,182,99,9,53
1947,893,116,7,153
1948,768,14,2,1898
1949,550,191,6,342
1950,688,112,4,1007
1951,27,61,3,1530
1952,276,159,2,1429
1953,652,95,6,64
1954,299,17,8,1340
1955,957,124,6,879
1956,799,24,9,1456
1957,91,116,5,1450
1958,480,151,2,1706
1959,573,82,8,806
1960,458,50,9,334
1961,451,79,4,1743
1962,365,79,6,1704
1963,859,70,8,89
1964,675,27,9,1064
1965,351,15,5,994
1966,655,50,6,1145
1967,400,36,4,567
1968,253,8,5,874
1969,781,79,7,726
1970,881,131,9,1597
1971,803,190,6,1683
1972,459,47,6,481
1973,699,105,8,83
1974,917,98,4,1586
1975,499,96,3,1512
1976,950,189,7,598
1977,971,160,5,1420
1978,926,116,2,1732
1979,508,13,2,1915
1980,304,1,6,573
1981,501,34,8,1963
1982,803,190,1,1466
1983,598,79,6,1445
1984,166,78,2,476
1985,415,121,2,608
1986,462,93,7,1654
1987,920,98,1,1001
1988,114,82,6,1942
1989,433,199,7,746
1990,992,159,8,1003
1991,356,192,7,257
1992,928,153,6,1614
1993,695,38,9,1153
1994,207,14,3,76
1995,768,136,6,582
1996,235,91,4,1989
1997,442,54,2,1360
1998,355,130,1,1953
1999,515,101,1,712
2000,208,89,3,479
